customerEmail,orderNumber,lineitems.variant.sku,lineitems.price,lineitems.quantity,totalPrice
303,1,A0E20000000252G,148.75,1,733.75
303,1,M0E20000000DZKB,497.5,1,733.75
303,1,A0E200000002AD2,87.5,1,733.75
778,2,M0E20000000DG3P,100,1,273.75
778,2,M0E20000000E3QR,173.75,1,273.75
856,3,M0E20000000E2MT,123.75,1,372.5
856,3,M0E20000000EXIQ,248.75,1,372.5
225,4,A0E2000000026DO,18.75,1,180
225,4,A0E2000000022KB,161.25,1,180
1883,5,M0E20000000DWI6,343.75,1,505
1883,5,M0E20000000E8AC,161.25,1,505
235,6,M0E20000000DGHP,98.75,1,275
235,6,M0E20000000DHRL,123.75,1,275
235,6,A0E2000000025WK,52.5,1,275
130,7,M0E20000000ECEB,536.25,1,647.5
130,7,M0E20000000EFUN,111.25,1,647.5
1242,8,A0E200000001YNN,406.25,1,591.25
1242,8,A0E200000001WFT,185,1,591.25
285,9,M0E20000000DSUF,197.5,1,310
285,9,M0E20000000DG5H,112.5,1,310
527,10,M0E20000000EDC5,198.75,1,420
527,10,M0E20000000E2WP,160,1,420
527,10,M0E20000000ELT9,61.25,1,420
1943,11,M0E20000000DJ5V,486.25,1,768.75
1943,11,A0E2000000021U2,220,1,768.75
1943,11,A0E2000000026DK,62.5,1,768.75
1013,12,M0E20000000E2QT,107.5,1,206.25
1013,12,M0E20000000ELI7,98.75,1,206.25
847,13,M0E20000000F8KG,275,1,362.5
847,13,M0E20000000EKFA,43.75,1,362.5
847,13,M0E20000000EKFA,43.75,1,362.5
1264,14,M0E20000000E0AF,243.75,1,607.5
1264,14,M0E20000000EHT1,215,1,607.5
1264,14,M0E20000000EFW7,148.75,1,607.5
300,15,M0E20000000DUFZ,350,1,708.75
300,15,M0E20000000DSUF,197.5,1,708.75
300,15,M0E20000000DHV1,161.25,1,708.75
1702,16,M0E20000000FBJ1,448.75,1,2473.75
1702,16,M0E20000000DU6J,781.25,1,2473.75
1702,16,M0E20000000F1TF,1243.75,1,2473.75
1396,17,A0E2000000021T0,248.75,1,595
1396,17,M0E20000000DLTD,168.75,1,595
1396,17,M0E20000000EIQH,177.5,1,595
1192,18,A0E2000000025G0,180,1,735
1192,18,M0E20000000DPYB,368.75,1,735
1192,18,A0E20000000295Z,186.25,1,735
607,19,M0E20000000DFXO,43.75,1,178.75
607,19,M0E20000000EC8N,135,1,178.75
1621,20,A0E200000002BQ5,36.25,1,186.25
1621,20,A0E2000000026DG,37.5,1,186.25
1621,20,M0E20000000DG6T,112.5,1,186.25
1640,21,M0E20000000EO8X,172.5,1,328.75
1640,21,M0E20000000DVSR,156.25,1,328.75
1582,22,M0E20000000DWX1,372.5,1,1021.25
1582,22,M0E20000000DWXI,462.5,1,1021.25
1582,22,M0E20000000EABY,186.25,1,1021.25
1773,23,A0E200000001YNX,406.25,1,856.25
1773,23,A0E2000000027C9,450,1,856.25
1689,24,M0E20000000DX1H,343.75,1,937.5
1689,24,M0E20000000F1WB,593.75,1,937.5
114,25,M0E20000000ERAX,456.25,1,915
114,25,M0E20000000E0I3,243.75,1,915
114,25,M0E20000000F6S5,215,1,915
1291,26,A0E200000002ABW,212.5,1,243.75
1291,26,A0E200000001YY3,31.25,1,243.75
1022,27,A0E200000001WRG,106.25,1,176.25
1022,27,A0E20000000284E,70,1,176.25
329,28,M0E20000000EAPI,231.25,1,305
329,28,M0E20000000E3T7,73.75,1,305
1655,29,A0E200000002ADD,25,1,223.75
1655,29,M0E20000000EE07,198.75,1,223.75
1909,30,A0E200000001YNX,406.25,1,512.5
1909,30,A0E2000000027CL,106.25,1,512.5
1159,31,M0E20000000EFLR,165,1,283.75
1159,31,M0E20000000EAU2,118.75,1,283.75
1603,32,M0E20000000DLKP,490,1,771.25
1603,32,M0E20000000EL68,281.25,1,771.25
245,33,A0E2000000026H8,336.25,1,1211.25
245,33,A0E200000001YMZ,437.5,1,1211.25
245,33,A0E200000001YNV,437.5,1,1211.25
577,34,M0E20000000E3D3,118.75,1,681.25
577,34,M0E20000000ES8E,281.25,1,681.25
577,34,M0E20000000ES93,281.25,1,681.25
1948,35,A0E200000001YLL,175,1,261.25
1948,35,A0E2000000020X5,86.25,1,261.25
925,36,M0E20000000EFUV,111.25,1,1391.25
925,36,M0E20000000DK73,206.25,1,1391.25
925,36,M0E20000000DTO9,1073.75,1,1391.25
1743,37,M0E20000000DWPA,400,1,952.5
1743,37,M0E20000000EE7P,190,1,952.5
1743,37,M0E20000000DWG3,362.5,1,952.5
155,38,A0E200000001WOY,110,1,780
155,38,A0E200000001YUU,70,1,780
155,38,A0E2000000021XX,600,1,780
1570,39,A0E200000002EFX,372.5,1,632.5
1570,39,A0E200000002B6I,260,1,632.5
1721,40,A0E200000001WDU,260,1,683.75
1721,40,M0E20000000DN01,200,1,683.75
1721,40,A0E2000000024B3,223.75,1,683.75
1994,41,A0E2000000021S0,256.25,1,580
1994,41,A0E200000001Z0W,323.75,1,580
478,42,M0E20000000DG1D,100,1,323.75
478,42,M0E20000000E5DD,223.75,1,323.75
961,43,M0E20000000DKWX,237.5,1,345
961,43,M0E20000000E2R1,107.5,1,345
548,44,M0E20000000E8S9,136.25,1,405
548,44,M0E20000000E4N1,268.75,1,405
775,45,M0E20000000DKYB,185,1,693.75
775,45,M0E20000000E1EI,372.5,1,693.75
775,45,M0E20000000E8XN,136.25,1,693.75
347,46,M0E20000000ELGM,111.25,1,710
347,46,M0E20000000F11K,598.75,1,710
1252,47,A0E200000001YTY,70,1,210
1252,47,A0E20000000284E,70,1,210
1252,47,A0E200000002840,70,1,210
519,48,A0E200000001YM6,281.25,1,750
519,48,A0E200000001YM7,281.25,1,750
519,48,A0E200000001YLB,187.5,1,750
868,49,M0E20000000E8AC,161.25,1,623.75
868,49,M0E20000000F63K,356.25,1,623.75
868,49,A0E2000000026IJ,106.25,1,623.75
1686,50,A0E200000002ED5,372.5,1,1053.75
1686,50,A0E2000000021XR,681.25,1,1053.75
1438,51,A0E2000000026GX,231.25,1,600
1438,51,A0E200000001YME,368.75,1,600
96,52,M0E20000000DVR3,168.75,1,450
96,52,M0E20000000EKVR,281.25,1,450
969,53,M0E20000000DW04,372.5,1,770
969,53,M0E20000000DPTB,327.5,1,770
969,53,A0E200000001YU1,70,1,770
1324,54,M0E20000000F1TF,1243.75,1,2217.5
1324,54,M0E20000000DU7X,812.5,1,2217.5
1324,54,M0E20000000FCJZ,161.25,1,2217.5
179,55,A0E200000002539,35,1,153.75
179,55,A0E20000000295Q,118.75,1,153.75
1153,56,M0E20000000ET33,231.25,1,338.75
1153,56,M0E20000000E2QT,107.5,1,338.75
48,57,M0E20000000FEFF,175,1,655
48,57,M0E20000000EOIQ,306.25,1,655
48,57,M0E20000000E8DC,173.75,1,655
699,58,A0E200000002798,343.75,1,723.75
699,58,A0E2000000022K9,186.25,1,723.75
699,58,A0E200000001YU4,193.75,1,723.75
665,59,A0E200000001YVZ,186.25,1,873.75
665,59,A0E200000001YMA,281.25,1,873.75
665,59,A0E20000000279F,406.25,1,873.75
316,60,A0E200000002BCJ,172.5,1,353.75
316,60,A0E2000000026QV,181.25,1,353.75
544,61,A0E200000002853,73.75,1,143.75
544,61,A0E20000000284D,70,1,143.75
1741,62,M0E20000000E391,98.75,1,151.25
1741,62,A0E2000000025WK,52.5,1,151.25
1803,63,A0E2000000026QZ,81.25,1,155
1803,63,A0E200000001YWD,73.75,1,155
1972,64,A0E200000002ABL,37.5,1,1238.75
1972,64,A0E200000002CHG,861.25,1,1238.75
1972,64,M0E20000000E5K5,340,1,1238.75
1255,65,M0E20000000DVJ1,123.75,1,313.75
1255,65,M0E20000000E1RU,190,1,313.75
1119,66,M0E20000000EO5L,165,1,395
1119,66,M0E20000000EEFA,118.75,1,395
1119,66,M0E20000000E93H,111.25,1,395
1578,67,A0E200000001YX9,70,1,278.75
1578,67,A0E200000001WR6,106.25,1,278.75
1578,67,A0E2000000021VI,102.5,1,278.75
1064,68,M0E20000000ECXS,213.75,1,470
1064,68,A0E2000000021S0,256.25,1,470
1203,69,M0E20000000EE30,227.5,1,421.25
1203,69,M0E20000000DM2M,193.75,1,421.25
1751,70,M0E20000000E1RU,190,1,512.5
1751,70,M0E20000000E2LX,123.75,1,512.5
1751,70,M0E20000000E2ZB,198.75,1,512.5
1104,71,A0E200000002960,161.25,1,297.5
1104,71,M0E20000000E8VB,136.25,1,297.5
1868,72,A0E200000002EFZ,372.5,1,503.75
1868,72,A0E2000000027DU,131.25,1,503.75
819,73,M0E20000000EFLR,165,1,796.25
819,73,M0E20000000EARU,193.75,1,796.25
819,73,M0E20000000DUGJ,437.5,1,796.25
14,74,M0E20000000E1DO,398.75,1,782.5
14,74,M0E20000000ER7B,198.75,1,782.5
14,74,M0E20000000DKYB,185,1,782.5
121,75,M0E20000000DGB7,81.25,1,255
121,75,M0E20000000E3QR,173.75,1,255
1248,76,A0E200000001YNN,406.25,1,508.75
1248,76,A0E2000000021UK,102.5,1,508.75
1567,77,M0E20000000DHSP,86.25,1,367.5
1567,77,M0E20000000DJXN,281.25,1,367.5
1131,78,A0E2000000021XQ,737.5,1,1325
1131,78,A0E2000000021XZ,587.5,1,1325
1465,79,M0E20000000EU7F,268.75,1,732.5
1465,79,M0E20000000F6TK,215,1,732.5
1465,79,M0E20000000EAK4,248.75,1,732.5
157,80,A0E200000002BLE,227.5,1,508.75
157,80,A0E2000000027AH,281.25,1,508.75
1585,81,A0E2000000027AH,281.25,1,752.5
1585,81,A0E2000000027CB,281.25,1,752.5
1585,81,A0E2000000021S4,190,1,752.5
1388,82,M0E20000000E3D3,118.75,1,636.25
1388,82,M0E20000000DWI6,343.75,1,636.25
1388,82,M0E20000000E8DC,173.75,1,636.25
388,83,A0E200000002EG0,372.5,1,508.75
388,83,M0E20000000EIP5,136.25,1,508.75
1635,84,M0E20000000E71R,231.25,1,337.5
1635,84,A0E200000002BGP,106.25,1,337.5
161,85,A0E2000000020WS,86.25,1,387.5
161,85,A0E2000000026GX,231.25,1,387.5
161,85,A0E200000001YX9,70,1,387.5
923,86,M0E20000000EC0C,115,1,412.5
923,86,A0E20000000252G,148.75,1,412.5
923,86,A0E20000000251Y,148.75,1,412.5
1921,87,A0E2000000021VE,65,1,3777.5
1921,87,A0E200000002A59,3625,1,3777.5
1921,87,A0E200000002AD2,87.5,1,3777.5
73,88,A0E2000000027BU,406.25,1,592.5
73,88,A0E20000000284G,186.25,1,592.5
790,89,M0E20000000DG8J,118.75,1,367.5
790,89,M0E20000000E582,248.75,1,367.5
131,90,A0E200000001YUU,70,1,180
131,90,A0E200000001WPR,110,1,180
1927,91,A0E20000000284G,186.25,1,555
1927,91,A0E200000001YME,368.75,1,555
400,92,A0E200000001YXJ,52.5,1,96.25
400,92,A0E200000002AD3,43.75,1,96.25
980,93,M0E20000000E8DC,173.75,1,311.25
980,93,M0E20000000E7Y4,137.5,1,311.25
823,94,M0E20000000EL2Z,118.75,1,415
823,94,M0E20000000DVNR,118.75,1,415
823,94,M0E20000000EEXP,177.5,1,415
1279,95,M0E20000000E72G,231.25,1,593.75
1279,95,M0E20000000DWG3,362.5,1,593.75
1556,96,M0E20000000ES8E,281.25,1,800
1556,96,M0E20000000E11S,243.75,1,800
1556,96,M0E20000000E55Z,275,1,800
343,97,A0E200000001WG3,197.5,1,552.5
343,97,A0E200000001WBD,285,1,552.5
343,97,A0E200000001YX9,70,1,552.5
1589,98,M0E20000000F711,106.25,1,353.75
1589,98,A0E200000002853,73.75,1,353.75
1589,98,A0E2000000022MN,173.75,1,353.75
313,99,M0E20000000DWRD,650,1,828.75
313,99,M0E20000000ELM6,156.25,1,828.75
313,99,M0E20000000EKJG,22.5,1,828.75
83,100,M0E20000000E08R,240,1,652.5
83,100,M0E20000000DJXD,197.5,1,652.5
83,100,M0E20000000F6TK,215,1,652.5
1643,101,M0E20000000DMVI,137.5,1,686.25
1643,101,M0E20000000DQL3,186.25,1,686.25
1643,101,M0E20000000DW27,362.5,1,686.25
535,102,M0E20000000E582,248.75,1,621.25
535,102,M0E20000000EAB9,198.75,1,621.25
535,102,M0E20000000E488,173.75,1,621.25
1123,103,M0E20000000EFE9,61.25,1,185
1123,103,M0E20000000E2LX,123.75,1,185
339,104,A0E200000001YXC,70,1,351.25
339,104,A0E200000001YLN,175,1,351.25
339,104,A0E2000000027CV,106.25,1,351.25
835,105,M0E20000000E83K,138.75,1,436.25
835,105,M0E20000000DGIT,111.25,1,436.25
835,105,M0E20000000E49M,186.25,1,436.25
244,106,A0E200000001YMH,450,1,1037.5
244,106,A0E2000000021XZ,587.5,1,1037.5
986,107,M0E20000000F0S9,43.75,1,253.75
986,107,M0E20000000ELGM,111.25,1,253.75
986,107,A0E20000000284A,98.75,1,253.75
940,108,A0E2000000022N9,181.25,1,691.25
940,108,A0E200000002GWA,312.5,1,691.25
940,108,A0E200000001WC5,197.5,1,691.25
1640,109,A0E20000000295T,81.25,1,298.75
1640,109,A0E20000000280O,86.25,1,298.75
1640,109,M0E20000000EB4S,131.25,1,298.75
1389,110,M0E20000000E391,98.75,1,363.75
1389,110,M0E20000000EFLR,165,1,363.75
1389,110,M0E20000000DG3P,100,1,363.75
330,111,M0E20000000FG6N,212.5,1,386.25
330,111,A0E2000000022HD,173.75,1,386.25
1247,112,M0E20000000E2OT,123.75,1,330
1247,112,M0E20000000E1E5,206.25,1,330
664,113,A0E2000000024B3,223.75,1,496.25
664,113,A0E200000001WDP,272.5,1,496.25
1472,114,A0E200000001WNU,110,1,220
1472,114,A0E200000001WOX,110,1,220
1560,115,M0E20000000DHUD,111.25,1,597.5
1560,115,M0E20000000DJ43,486.25,1,597.5
651,116,M0E20000000DG5H,112.5,1,261.25
651,116,M0E20000000E2GN,148.75,1,261.25
728,117,M0E20000000ELKR,150,1,336.25
728,117,M0E20000000DQKE,186.25,1,336.25
1973,118,A0E200000001WON,110,1,265
1973,118,A0E200000002853,73.75,1,265
1973,118,A0E2000000026R9,81.25,1,265
966,119,M0E20000000DSFD,123.75,1,458.75
966,119,A0E20000000295W,161.25,1,458.75
966,119,M0E20000000E2CF,173.75,1,458.75
440,120,M0E20000000DW04,372.5,1,647.5
440,120,M0E20000000E55Z,275,1,647.5
895,121,A0E200000002849,161.25,1,608.75
895,121,M0E20000000EIND,261.25,1,608.75
895,121,A0E200000001YTF,186.25,1,608.75
1898,122,M0E20000000E30S,86.25,1,448.75
1898,122,M0E20000000DWG3,362.5,1,448.75
883,123,A0E200000002GVZ,312.5,1,981.25
883,123,A0E2000000027BA,450,1,981.25
883,123,A0E2000000026TM,218.75,1,981.25
1659,124,M0E20000000E2Z3,198.75,1,376.25
1659,124,M0E20000000EIQ9,177.5,1,376.25
463,125,A0E200000001YWD,73.75,1,335
463,125,A0E2000000026IW,86.25,1,335
463,125,A0E2000000027CO,175,1,335
1646,126,M0E20000000DLZ3,181.25,1,391.25
1646,126,M0E20000000DKEV,210,1,391.25
1380,127,A0E200000001YXC,70,1,518.75
1380,127,A0E2000000026IW,86.25,1,518.75
1380,127,M0E20000000DWG3,362.5,1,518.75
1006,128,A0E2000000024PX,211.25,1,442.5
1006,128,M0E20000000DKP5,231.25,1,442.5
1385,129,A0E2000000026HY,298.75,1,618.75
1385,129,A0E2000000026H6,320,1,618.75
170,130,A0E20000000284Q,73.75,1,290
170,130,A0E200000002EGJ,106.25,1,290
170,130,A0E200000001WOY,110,1,290
832,131,M0E20000000DL27,287.5,1,678.75
832,131,M0E20000000DZI3,372.5,1,678.75
832,131,A0E2000000026DO,18.75,1,678.75
443,132,M0E20000000EHOP,293.75,1,636.25
443,132,M0E20000000E95X,165,1,636.25
443,132,M0E20000000EEYU,177.5,1,636.25
1966,133,A0E200000001YX9,70,1,191.25
1966,133,A0E200000001YTU,40,1,191.25
1966,133,A0E2000000022WN,81.25,1,191.25
595,134,A0E200000001YNN,406.25,1,643.75
595,134,M0E20000000DKWX,237.5,1,643.75
1706,135,M0E20000000DJLR,162.5,1,476.25
1706,135,M0E20000000DGIT,111.25,1,476.25
1706,135,M0E20000000ECL7,202.5,1,476.25
1659,136,M0E20000000DVHD,862.5,1,986.25
1659,136,M0E20000000EO21,123.75,1,986.25
577,137,A0E2000000025WF,52.5,1,913.75
577,137,A0E200000002CHF,861.25,1,913.75
1134,138,A0E2000000026T7,186.25,1,696.25
1134,138,A0E20000000285V,173.75,1,696.25
1134,138,A0E2000000026H8,336.25,1,696.25
1049,139,A0E200000001WE5,222.5,1,615
1049,139,A0E2000000026GY,231.25,1,615
1049,139,A0E200000002847,161.25,1,615
566,140,M0E20000000DHU1,111.25,1,230
566,140,M0E20000000EAU2,118.75,1,230
1193,141,M0E20000000EIO9,206.25,1,590
1193,141,M0E20000000DJUV,218.75,1,590
1193,141,M0E20000000EO5L,165,1,590
900,142,A0E200000001YMZ,437.5,1,598.75
900,142,A0E2000000026HP,161.25,1,598.75
19,143,M0E20000000DT1S,286.25,1,760
19,143,M0E20000000DSX9,473.75,1,760
872,144,M0E20000000DVMX,106.25,1,353.75
872,144,M0E20000000E2MT,123.75,1,353.75
872,144,M0E20000000E2OT,123.75,1,353.75
1086,145,M0E20000000E3TF,73.75,1,597.5
1086,145,M0E20000000DZO6,523.75,1,597.5
504,146,M0E20000000EAB9,198.75,1,690
504,146,M0E20000000DWWE,372.5,1,690
504,146,A0E20000000295Q,118.75,1,690
834,147,A0E2000000022HD,173.75,1,385
834,147,A0E2000000024PX,211.25,1,385
1669,148,A0E200000001YM2,368.75,1,696.25
1669,148,M0E20000000DPTB,327.5,1,696.25
451,149,M0E20000000EBON,406.25,1,866.25
451,149,A0E2000000026HY,298.75,1,866.25
451,149,M0E20000000DSAT,161.25,1,866.25
135,150,A0E200000002A58,3112.5,1,3131.25
135,150,A0E2000000026DO,18.75,1,3131.25
617,151,M0E20000000FEFF,175,1,586.25
617,151,M0E20000000EBNP,136.25,1,586.25
617,151,M0E20000000E55Z,275,1,586.25
1287,152,M0E20000000E1ND,486.25,1,647.5
1287,152,A0E2000000026DJ,37.5,1,647.5
1287,152,M0E20000000E2E7,123.75,1,647.5
717,153,M0E20000000DL27,287.5,1,750
717,153,M0E20000000E267,256.25,1,750
717,153,M0E20000000E1MN,206.25,1,750
490,154,A0E200000001YNS,437.5,1,1007.5
490,154,A0E200000002B6I,260,1,1007.5
490,154,A0E2000000026HJ,310,1,1007.5
832,155,A0E2000000022WN,81.25,1,167.5
832,155,A0E2000000020X6,86.25,1,167.5
1281,156,A0E20000000251X,115,1,368.75
1281,156,M0E20000000EBKW,172.5,1,368.75
1281,156,M0E20000000DGAJ,81.25,1,368.75
563,157,A0E20000000279B,343.75,1,677.5
563,157,A0E2000000024R1,161.25,1,677.5
563,157,A0E200000002BD3,172.5,1,677.5
700,158,M0E20000000E4N1,268.75,1,437.5
700,158,M0E20000000EEEM,168.75,1,437.5
1447,159,A0E200000001YL5,187.5,1,385
1447,159,M0E20000000DJXD,197.5,1,385
904,160,M0E20000000E2FB,198.75,1,411.25
904,160,A0E200000002ABW,212.5,1,411.25
340,161,M0E20000000EUZI,190,1,485
340,161,M0E20000000EFHV,122.5,1,485
340,161,M0E20000000EO8P,172.5,1,485
1889,162,A0E2000000024BL,86.25,1,283.75
1889,162,M0E20000000DJOK,197.5,1,283.75
485,163,A0E2000000024B2,223.75,1,623.75
485,163,A0E20000000278S,243.75,1,623.75
485,163,M0E20000000ELM6,156.25,1,623.75
1882,164,A0E200000002ABW,212.5,1,461.25
1882,164,A0E2000000021T0,248.75,1,461.25
1861,165,A0E2000000023B8,86.25,1,673.75
1861,165,A0E200000001YMO,406.25,1,673.75
1861,165,A0E2000000022N9,181.25,1,673.75
759,166,M0E20000000E17O,118.75,1,298.75
759,166,A0E2000000025G0,180,1,298.75
296,167,M0E20000000F711,106.25,1,1243.75
296,167,M0E20000000DQTX,1137.5,1,1243.75
402,168,M0E20000000DLT5,193.75,1,436.25
402,168,A0E200000002BQ5,36.25,1,436.25
402,168,M0E20000000E1MN,206.25,1,436.25
1374,169,A0E200000002H56,368.75,1,875
1374,169,A0E200000001YML,368.75,1,875
1374,169,M0E20000000E7Y4,137.5,1,875
1743,170,M0E20000000EAQT,456.25,1,808.75
1743,170,A0E2000000021S5,190,1,808.75
1743,170,M0E20000000DJLR,162.5,1,808.75
890,171,A0E200000001YXN,193.75,1,752.5
890,171,A0E2000000021UV,190,1,752.5
890,171,A0E200000002H56,368.75,1,752.5
453,172,M0E20000000DJN1,172.5,1,1033.75
453,172,A0E200000002CHF,861.25,1,1033.75
1582,173,M0E20000000DLNB,320,1,485
1582,173,M0E20000000E95X,165,1,485
1923,174,A0E200000002BLK,227.5,1,415
1923,174,A0E200000001YL4,187.5,1,415
483,175,A0E200000002H05,343.75,1,715
483,175,M0E20000000DJPO,210,1,715
483,175,A0E20000000285B,161.25,1,715
548,176,A0E20000000252Z,31.25,1,333.75
548,176,M0E20000000DPVJ,302.5,1,333.75
513,177,M0E20000000DGAJ,81.25,1,155
513,177,M0E20000000DHV9,73.75,1,155
360,178,M0E20000000FG7J,193.75,1,507.5
360,178,M0E20000000E2QD,107.5,1,507.5
360,178,M0E20000000E1OS,206.25,1,507.5
247,179,M0E20000000DFYJ,68.75,1,772.5
247,179,M0E20000000DLX8,243.75,1,772.5
247,179,M0E20000000EGV6,460,1,772.5
1230,180,A0E200000001YX9,70,1,156.25
1230,180,A0E2000000026IW,86.25,1,156.25
1062,181,M0E20000000ERXL,302.5,1,463.75
1062,181,M0E20000000E8E1,161.25,1,463.75
939,182,M0E20000000DQKE,186.25,1,336.25
939,182,M0E20000000ELKR,150,1,336.25
203,183,A0E200000001YL4,187.5,1,565
203,183,A0E2000000021S4,190,1,565
203,183,A0E200000001YL5,187.5,1,565
405,184,A0E200000002BL9,247.5,1,858.75
405,184,A0E2000000027BA,450,1,858.75
405,184,A0E20000000283Z,161.25,1,858.75
901,185,A0E2000000021VQ,215,1,251.25
901,185,A0E200000002BQ5,36.25,1,251.25
25,186,M0E20000000E2Q5,107.5,1,206.25
25,186,M0E20000000E30C,98.75,1,206.25
479,187,A0E200000002AD2,87.5,1,482.5
479,187,M0E20000000E91X,197.5,1,482.5
479,187,M0E20000000E91X,197.5,1,482.5
21,188,A0E20000000252P,31.25,1,257.5
21,188,A0E2000000021VF,65,1,257.5
21,188,A0E200000002960,161.25,1,257.5
764,189,M0E20000000DUGJ,437.5,1,942.5
764,189,M0E20000000E3TF,73.75,1,942.5
764,189,M0E20000000DV5W,431.25,1,942.5
557,190,A0E200000001WNU,110,1,183.75
557,190,A0E200000001Z1N,73.75,1,183.75
1869,191,M0E20000000DJXN,281.25,1,493.75
1869,191,A0E200000002ABV,212.5,1,493.75
1560,192,M0E20000000DWJP,497.5,1,1435
1560,192,M0E20000000DU6T,937.5,1,1435
986,193,A0E200000001WHZ,197.5,1,816.25
986,193,A0E2000000026QV,181.25,1,816.25
986,193,A0E200000001YNS,437.5,1,816.25
1591,194,A0E20000000283N,186.25,1,360
1591,194,A0E20000000285V,173.75,1,360
1590,195,M0E20000000DS8O,206.25,1,271.25
1590,195,A0E2000000021VF,65,1,271.25
709,196,M0E20000000E8RJ,198.75,1,530
709,196,M0E20000000E31G,86.25,1,530
709,196,M0E20000000E91P,245,1,530
1612,197,M0E20000000DJEU,122.5,1,578.75
1612,197,M0E20000000EAQT,456.25,1,578.75
851,198,M0E20000000DJHI,425,1,506.25
851,198,M0E20000000DGCR,81.25,1,506.25
1565,199,M0E20000000E3SZ,73.75,1,347.5
1565,199,M0E20000000E3QR,173.75,1,347.5
1565,199,M0E20000000DG1L,100,1,347.5
1519,200,M0E20000000DGH7,106.25,1,290
1519,200,M0E20000000EET9,97.5,1,290
1519,200,M0E20000000E30S,86.25,1,290
1732,201,A0E20000000285V,173.75,1,497.5
1732,201,A0E20000000285K,186.25,1,497.5
1732,201,M0E20000000E7Y4,137.5,1,497.5
1160,202,A0E2000000021VQ,215,1,1051.25
1160,202,M0E20000000E4ST,373.75,1,1051.25
1160,202,M0E20000000DWXI,462.5,1,1051.25
782,203,M0E20000000DT1S,286.25,1,941.25
782,203,M0E20000000E1OS,206.25,1,941.25
782,203,M0E20000000DSVB,448.75,1,941.25
365,204,A0E200000001WDL,322.5,1,882.5
365,204,A0E200000001WBD,285,1,882.5
365,204,M0E20000000E55Z,275,1,882.5
1972,205,A0E20000000295I,111.25,1,242.5
1972,205,A0E20000000295K,131.25,1,242.5
817,206,A0E200000002ABB,37.5,1,371.25
817,206,A0E2000000021W0,215,1,371.25
817,206,M0E20000000DG8J,118.75,1,371.25
609,207,M0E20000000DK4V,262.5,1,727.5
609,207,M0E20000000ED8D,177.5,1,727.5
609,207,M0E20000000DKC3,287.5,1,727.5
773,208,A0E2000000027CB,281.25,1,562.5
773,208,A0E2000000027AH,281.25,1,562.5
1791,209,M0E20000000DLU9,300,1,530
1791,209,M0E20000000DVMX,106.25,1,530
1791,209,M0E20000000E2NX,123.75,1,530
742,210,M0E20000000F6TK,215,1,463.75
742,210,M0E20000000EDB7,248.75,1,463.75
1300,211,M0E20000000DOVM,561.25,1,1147.5
1300,211,M0E20000000DJLR,162.5,1,1147.5
1300,211,M0E20000000E52D,423.75,1,1147.5
1274,212,M0E20000000EB3V,148.75,1,595
1274,212,M0E20000000DZV0,247.5,1,595
1274,212,A0E20000000295F,198.75,1,595
1601,213,M0E20000000DPUP,275,1,506.25
1601,213,M0E20000000E0W8,231.25,1,506.25
65,214,M0E20000000E09V,243.75,1,370
65,214,M0E20000000EM11,56.25,1,370
65,214,A0E200000002842,70,1,370
1315,215,A0E2000000026TS,186.25,1,947.5
1315,215,A0E200000001YNS,437.5,1,947.5
1315,215,A0E200000001Z0Y,323.75,1,947.5
1359,216,M0E20000000E4ZO,98.75,1,276.25
1359,216,M0E20000000EIQ9,177.5,1,276.25
1373,217,M0E20000000DJ3D,623.75,1,761.25
1373,217,M0E20000000DG6T,112.5,1,761.25
1373,217,A0E200000002ADD,25,1,761.25
586,218,M0E20000000DFXO,43.75,1,162.5
586,218,M0E20000000EL2R,118.75,1,162.5
536,219,M0E20000000DQLS,168.75,1,372.5
536,219,M0E20000000ELAJ,30,1,372.5
536,219,M0E20000000E0UU,173.75,1,372.5
1082,220,M0E20000000EARU,193.75,1,555
1082,220,A0E20000000280O,86.25,1,555
1082,220,M0E20000000EMPI,275,1,555
1904,221,M0E20000000E5DD,223.75,1,628.75
1904,221,M0E20000000E267,256.25,1,628.75
1904,221,M0E20000000E8T3,148.75,1,628.75
711,222,M0E20000000EES5,115,1,308.75
711,222,M0E20000000EBBD,193.75,1,308.75
1572,223,M0E20000000FCI7,161.25,1,326.25
1572,223,M0E20000000EUTF,165,1,326.25
1843,224,A0E200000001YU1,70,1,140
1843,224,A0E20000000283C,70,1,140
1527,225,M0E20000000E4BP,98.75,1,330
1527,225,M0E20000000EGKJ,231.25,1,330
262,226,M0E20000000E4O7,190,1,452.5
262,226,M0E20000000F2ZH,262.5,1,452.5
300,227,A0E2000000023AK,131.25,1,305
300,227,A0E20000000285V,173.75,1,305
243,228,M0E20000000E8CN,161.25,1,671.25
243,228,M0E20000000DWX1,372.5,1,671.25
243,228,M0E20000000E7R7,137.5,1,671.25
94,229,A0E20000000283N,186.25,1,636.25
94,229,A0E200000001YM1,450,1,636.25
1548,230,M0E20000000DVGW,937.5,1,1086.25
1548,230,M0E20000000ELG6,148.75,1,1086.25
1843,231,A0E20000000295O,106.25,1,381.25
1843,231,M0E20000000EMPI,275,1,381.25
20,232,M0E20000000DQL3,186.25,1,323.75
20,232,M0E20000000DMVI,137.5,1,323.75
1848,233,A0E20000000278Z,450,1,622.5
1848,233,A0E200000002BD3,172.5,1,622.5
600,234,A0E2000000027BA,450,1,661.25
600,234,A0E2000000024PX,211.25,1,661.25
853,235,M0E20000000ERC2,315,1,376.25
853,235,M0E20000000E2G7,61.25,1,376.25
624,236,A0E20000000283D,73.75,1,491.25
624,236,A0E200000002EGB,48.75,1,491.25
624,236,A0E200000002H56,368.75,1,491.25
1516,237,M0E20000000E09B,243.75,1,705
1516,237,M0E20000000ECXS,213.75,1,705
1516,237,M0E20000000DK30,247.5,1,705
1086,238,A0E2000000023B7,86.25,1,205
1086,238,A0E2000000027DV,118.75,1,205
1320,239,M0E20000000F11K,598.75,1,1378.75
1320,239,M0E20000000FBLO,411.25,1,1378.75
1320,239,M0E20000000DJU1,368.75,1,1378.75
1045,240,M0E20000000E8S9,136.25,1,815
1045,240,M0E20000000DLCH,247.5,1,815
1045,240,M0E20000000DV5W,431.25,1,815
344,241,M0E20000000EFJB,165,1,782.5
344,241,M0E20000000EAQT,456.25,1,782.5
344,241,A0E2000000024ZX,161.25,1,782.5
1143,242,M0E20000000E27V,281.25,1,687.5
1143,242,M0E20000000EBON,406.25,1,687.5
964,243,A0E2000000024BB,248.75,1,753.75
964,243,M0E20000000ECOK,161.25,1,753.75
964,243,A0E200000002H39,343.75,1,753.75
838,244,A0E2000000022HD,173.75,1,371.25
838,244,A0E200000001WC5,197.5,1,371.25
616,245,M0E20000000EB8V,147.5,1,260
616,245,M0E20000000DG6T,112.5,1,260
958,246,M0E20000000FEFF,175,1,600
958,246,M0E20000000EBFE,150,1,600
958,246,M0E20000000DPUP,275,1,600
1657,247,M0E20000000DL27,287.5,1,502.5
1657,247,A0E2000000021W0,215,1,502.5
1414,248,M0E20000000DTOR,1073.75,1,1272.5
1414,248,M0E20000000E2F3,198.75,1,1272.5
804,249,M0E20000000ECJI,190,1,276.25
804,249,M0E20000000DGDR,86.25,1,276.25
1128,250,M0E20000000E2FR,86.25,1,331.25
1128,250,M0E20000000E91P,245,1,331.25
1837,251,M0E20000000FCLJ,198.75,1,607.5
1837,251,M0E20000000DLUW,243.75,1,607.5
1837,251,M0E20000000EUTF,165,1,607.5
141,252,M0E20000000F8KG,275,1,910
141,252,M0E20000000DWGS,325,1,910
141,252,M0E20000000DTB5,310,1,910
1345,253,M0E20000000EKHD,37.5,1,228.75
1345,253,M0E20000000DOQN,168.75,1,228.75
1345,253,M0E20000000EKJG,22.5,1,228.75
83,254,M0E20000000DT1S,286.25,1,760
83,254,M0E20000000DSX9,473.75,1,760
1103,255,M0E20000000ECFU,243.75,1,392.5
1103,255,M0E20000000EFW7,148.75,1,392.5
934,256,A0E20000000251M,173.75,1,633.75
934,256,M0E20000000DGRR,311.25,1,633.75
934,256,A0E200000002524,148.75,1,633.75
1037,257,A0E2000000026QU,181.25,1,553.75
1037,257,A0E200000002EG0,372.5,1,553.75
1310,258,M0E20000000DLRS,210,1,403.75
1310,258,M0E20000000DLT5,193.75,1,403.75
1390,259,A0E200000002EA4,265,1,530
1390,259,A0E200000002E9K,265,1,530
160,260,M0E20000000DM2M,193.75,1,416.25
160,260,M0E20000000EDA9,222.5,1,416.25
192,261,M0E20000000DJIX,331.25,1,641.25
192,261,M0E20000000E8SJ,136.25,1,641.25
192,261,M0E20000000EGMD,173.75,1,641.25
1796,262,A0E200000002H39,343.75,1,537.5
1796,262,A0E2000000022UG,193.75,1,537.5
588,263,A0E200000001YTW,40,1,307.5
588,263,A0E2000000026R9,81.25,1,307.5
588,263,A0E20000000283N,186.25,1,307.5
1613,264,M0E20000000ED6H,232.5,1,591.25
1613,264,A0E2000000024BO,86.25,1,591.25
1613,264,A0E200000001WGB,272.5,1,591.25
1707,265,A0E200000001YM4,368.75,1,737.5
1707,265,A0E200000001YML,368.75,1,737.5
1956,266,M0E20000000DWBX,312.5,1,675
1956,266,M0E20000000DW4Z,362.5,1,675
1057,267,A0E20000000250X,140,1,396.25
1057,267,A0E2000000026DL,37.5,1,396.25
1057,267,M0E20000000DLBQ,218.75,1,396.25
1684,268,A0E2000000021VQ,215,1,465
1684,268,A0E200000002ADI,56.25,1,465
1684,268,M0E20000000EARU,193.75,1,465
258,269,M0E20000000EFXN,148.75,1,408.75
258,269,M0E20000000DJOS,172.5,1,408.75
258,269,M0E20000000EH7N,87.5,1,408.75
831,270,A0E2000000027D2,156.25,1,437.5
831,270,A0E200000001YM9,281.25,1,437.5
245,271,M0E20000000ELBX,30,1,152.5
245,271,M0E20000000EO69,122.5,1,152.5
822,272,A0E2000000026HE,368.75,1,987.5
822,272,A0E2000000026QU,181.25,1,987.5
822,272,A0E200000001YMZ,437.5,1,987.5
1844,273,M0E20000000E09B,243.75,1,693.75
1844,273,M0E20000000ECFU,243.75,1,693.75
1844,273,M0E20000000E1I7,206.25,1,693.75
1246,274,M0E20000000DOF3,372.5,1,815
1246,274,M0E20000000E1BG,156.25,1,815
1246,274,M0E20000000DT1S,286.25,1,815
34,275,M0E20000000EAQT,456.25,1,1211.25
34,275,M0E20000000EARU,193.75,1,1211.25
34,275,M0E20000000DOVM,561.25,1,1211.25
751,276,M0E20000000EXHM,231.25,1,330
751,276,M0E20000000ELI7,98.75,1,330
532,277,A0E200000002798,343.75,1,627.5
532,277,M0E20000000EGW9,247.5,1,627.5
532,277,M0E20000000F0OP,36.25,1,627.5
738,278,M0E20000000ECEJ,298.75,1,408.75
738,278,A0E200000001WN9,110,1,408.75
978,279,M0E20000000EFUV,111.25,1,433.75
978,279,M0E20000000E48I,173.75,1,433.75
978,279,A0E20000000251D,148.75,1,433.75
598,280,M0E20000000EGYD,181.25,1,460
598,280,M0E20000000EO8P,172.5,1,460
598,280,A0E200000002EGI,106.25,1,460
462,281,M0E20000000E5IJ,1247.5,1,1285
462,281,A0E2000000026DG,37.5,1,1285
193,282,M0E20000000EEXH,177.5,1,473.75
193,282,M0E20000000EFDB,48.75,1,473.75
193,282,M0E20000000EN5M,247.5,1,473.75
1884,283,M0E20000000DLTD,168.75,1,317.5
1884,283,M0E20000000E2HZ,148.75,1,317.5
710,284,M0E20000000E2WX,160,1,296.25
710,284,M0E20000000E8SJ,136.25,1,296.25
331,285,M0E20000000DM2M,193.75,1,531.25
331,285,M0E20000000E9AA,218.75,1,531.25
331,285,M0E20000000E3D3,118.75,1,531.25
1578,286,M0E20000000E54J,386.25,1,925
1578,286,M0E20000000E81Y,207.5,1,925
1578,286,M0E20000000DJIX,331.25,1,925
652,287,M0E20000000DUFZ,350,1,656.25
652,287,M0E20000000DK6J,206.25,1,656.25
652,287,M0E20000000DG1L,100,1,656.25
1265,288,M0E20000000E1DO,398.75,1,583.75
1265,288,M0E20000000DKYB,185,1,583.75
1119,289,M0E20000000ED8D,177.5,1,636.25
1119,289,M0E20000000F6S5,215,1,636.25
1119,289,M0E20000000E09V,243.75,1,636.25
1505,290,A0E2000000022O2,81.25,1,155
1505,290,A0E200000001YWD,73.75,1,155
1637,291,M0E20000000EIPL,220,1,576.25
1637,291,M0E20000000DKSH,356.25,1,576.25
1956,292,M0E20000000EE9T,177.5,1,426.25
1956,292,M0E20000000EXIQ,248.75,1,426.25
1038,293,A0E20000000295Z,186.25,1,323.75
1038,293,M0E20000000E7T1,137.5,1,323.75
159,294,M0E20000000DVPF,156.25,1,312.5
159,294,M0E20000000DVPP,156.25,1,312.5
660,295,M0E20000000EL2Z,118.75,1,581.25
660,295,M0E20000000DOV9,268.75,1,581.25
660,295,A0E200000001YXG,193.75,1,581.25
987,296,M0E20000000ES3Q,358.75,1,892.5
987,296,M0E20000000E8E1,161.25,1,892.5
987,296,M0E20000000DW6D,372.5,1,892.5
1609,297,A0E20000000283N,186.25,1,592.5
1609,297,A0E200000001YNX,406.25,1,592.5
494,298,A0E2000000022H3,186.25,1,405
494,298,A0E2000000026TM,218.75,1,405
1944,299,M0E20000000ELF2,123.75,1,371.25
1944,299,M0E20000000E2N9,123.75,1,371.25
1944,299,M0E20000000E2NX,123.75,1,371.25
699,300,A0E200000002A58,3112.5,1,3525
699,300,M0E20000000DS8O,206.25,1,3525
699,300,M0E20000000DS8G,206.25,1,3525
903,301,M0E20000000EH7N,87.5,1,557.5
903,301,A0E200000002BL5,256.25,1,557.5
903,301,M0E20000000ECXS,213.75,1,557.5
1604,302,A0E200000001WRZ,106.25,1,176.25
1604,302,A0E200000001YU1,70,1,176.25
390,303,A0E200000001WOX,110,1,253.75
390,303,A0E20000000283C,70,1,253.75
390,303,A0E200000001YWF,73.75,1,253.75
251,304,M0E20000000DJLZ,162.5,1,300
251,304,A0E200000002ADA,137.5,1,300
1570,305,M0E20000000E83K,138.75,1,312.5
1570,305,M0E20000000E3QR,173.75,1,312.5
219,306,M0E20000000E582,248.75,1,555
219,306,M0E20000000DTFB,306.25,1,555
1330,307,A0E2000000021U2,220,1,706.25
1330,307,M0E20000000E1ND,486.25,1,706.25
1548,308,M0E20000000E0ES,231.25,1,537.5
1548,308,M0E20000000E037,206.25,1,537.5
1548,308,M0E20000000DG1D,100,1,537.5
53,309,M0E20000000DFX5,43.75,1,318.75
53,309,M0E20000000EET9,97.5,1,318.75
53,309,M0E20000000EEXH,177.5,1,318.75
1204,310,M0E20000000E8EQ,173.75,1,617.5
1204,310,M0E20000000ESB6,306.25,1,617.5
1204,310,M0E20000000FENR,137.5,1,617.5
1903,311,A0E200000001WNU,110,1,391.25
1903,311,A0E200000002EGG,106.25,1,391.25
1903,311,A0E2000000027CO,175,1,391.25
1329,312,M0E20000000DU6T,937.5,1,1638.75
1329,312,M0E20000000ERXL,302.5,1,1638.75
1329,312,M0E20000000E1PI,398.75,1,1638.75
813,313,M0E20000000EXJD,260,1,778.75
813,313,M0E20000000DTZB,518.75,1,778.75
403,314,M0E20000000ELGM,111.25,1,155
403,314,M0E20000000F0RD,43.75,1,155
611,315,M0E20000000EFXN,148.75,1,615
611,315,M0E20000000E0C0,218.75,1,615
611,315,M0E20000000DK30,247.5,1,615
1552,316,M0E20000000ELAJ,30,1,340
1552,316,M0E20000000DTB5,310,1,340
1792,317,M0E20000000E30C,98.75,1,185
1792,317,M0E20000000E31G,86.25,1,185
1438,318,M0E20000000E2QD,107.5,1,267.5
1438,318,M0E20000000E2T1,160,1,267.5
640,319,M0E20000000EFXN,148.75,1,612.5
640,319,M0E20000000EIPL,220,1,612.5
640,319,M0E20000000E0AF,243.75,1,612.5
927,320,M0E20000000DWI6,343.75,1,865
927,320,M0E20000000DPTB,327.5,1,865
927,320,M0E20000000DM2M,193.75,1,865
615,321,A0E2000000026XX,86.25,1,632.5
615,321,M0E20000000DS8G,206.25,1,632.5
615,321,M0E20000000E5K5,340,1,632.5
1264,322,A0E2000000021VP,282.5,1,502.5
1264,322,A0E2000000021VB,220,1,502.5
733,323,M0E20000000DZI3,372.5,1,671.25
733,323,A0E2000000026HY,298.75,1,671.25
50,324,M0E20000000EBBD,193.75,1,442.5
50,324,M0E20000000DHUD,111.25,1,442.5
50,324,M0E20000000E7R7,137.5,1,442.5
1271,325,A0E200000001YVW,73.75,1,183.75
1271,325,A0E200000001WOY,110,1,183.75
1398,326,M0E20000000E8DC,173.75,1,285
1398,326,M0E20000000EFWF,111.25,1,285
1314,327,A0E200000002BDD,147.5,1,391.25
1314,327,A0E20000000278S,243.75,1,391.25
1446,328,A0E200000002B8E,185,1,307.5
1446,328,M0E20000000EHHV,122.5,1,307.5
1612,329,A0E200000002ADI,56.25,1,228.75
1612,329,M0E20000000DJN1,172.5,1,228.75
1066,330,A0E200000002ADH,25,1,352.5
1066,330,A0E20000000251X,115,1,352.5
1066,330,A0E200000002ABW,212.5,1,352.5
76,331,M0E20000000E2XT,77.5,1,1613.75
76,331,M0E20000000DVGW,937.5,1,1613.75
76,331,M0E20000000F11K,598.75,1,1613.75
287,332,M0E20000000E1E5,206.25,1,330
287,332,M0E20000000E2OT,123.75,1,330
145,333,A0E200000002BGQ,106.25,1,232.5
145,333,A0E2000000020X6,86.25,1,232.5
145,333,A0E200000001YTU,40,1,232.5
1666,334,M0E20000000EL2Z,118.75,1,556.25
1666,334,M0E20000000DG0F,68.75,1,556.25
1666,334,A0E20000000278U,368.75,1,556.25
1432,335,M0E20000000EBBX,125,1,325
1432,335,M0E20000000DN01,200,1,325
587,336,M0E20000000E1KC,206.25,1,337.5
587,336,A0E2000000023AK,131.25,1,337.5
1028,337,M0E20000000DGJM,86.25,1,2691.25
1028,337,M0E20000000E52D,423.75,1,2691.25
1028,337,M0E20000000DQR5,2181.25,1,2691.25
1747,338,M0E20000000ELI7,98.75,1,341.25
1747,338,M0E20000000F711,106.25,1,341.25
1747,338,M0E20000000EEVP,136.25,1,341.25
1231,339,A0E200000002AC6,75,1,1011.25
1231,339,A0E200000002ABX,75,1,1011.25
1231,339,A0E200000002CHG,861.25,1,1011.25
949,340,M0E20000000EFE9,61.25,1,536.25
949,340,M0E20000000EL0R,231.25,1,536.25
949,340,M0E20000000ECAR,243.75,1,536.25
1574,341,M0E20000000EBBD,193.75,1,598.75
1574,341,M0E20000000EE07,198.75,1,598.75
1574,341,M0E20000000DS8O,206.25,1,598.75
718,342,M0E20000000DZB8,106.25,1,355
718,342,M0E20000000E582,248.75,1,355
233,343,M0E20000000DWPA,400,1,643.75
233,343,M0E20000000E11S,243.75,1,643.75
376,344,A0E200000001YTJ,181.25,1,396.25
376,344,M0E20000000F6TK,215,1,396.25
1180,345,M0E20000000DMYD,187.5,1,537.5
1180,345,M0E20000000DVTV,350,1,537.5
638,346,A0E20000000251X,115,1,365
638,346,A0E200000002535,31.25,1,365
638,346,M0E20000000DLBQ,218.75,1,365
409,347,A0E200000002EGG,106.25,1,192.5
409,347,A0E2000000026IX,86.25,1,192.5
1418,348,A0E200000001WDL,322.5,1,610
1418,348,M0E20000000DG0F,68.75,1,610
1418,348,A0E2000000026TM,218.75,1,610
314,349,M0E20000000EIPL,220,1,452.5
314,349,M0E20000000ED6H,232.5,1,452.5
960,350,M0E20000000FENR,137.5,1,298.75
960,350,M0E20000000FCIF,161.25,1,298.75
1057,351,A0E20000000295F,198.75,1,378.75
1057,351,A0E20000000280L,180,1,378.75
943,352,M0E20000000EL0J,231.25,1,553.75
943,352,M0E20000000E2Z3,198.75,1,553.75
943,352,M0E20000000E2OT,123.75,1,553.75
1712,353,A0E20000000295Z,186.25,1,453.75
1712,353,M0E20000000E17O,118.75,1,453.75
1712,353,A0E200000002521,148.75,1,453.75
806,354,A0E20000000284A,98.75,1,283.75
806,354,M0E20000000DKCN,185,1,283.75
1179,355,M0E20000000DZP4,497.5,1,703.75
1179,355,M0E20000000E1MN,206.25,1,703.75
204,356,M0E20000000FBGI,497.5,1,1771.25
204,356,M0E20000000ELBX,30,1,1771.25
204,356,M0E20000000F1TF,1243.75,1,1771.25
1206,357,M0E20000000EL37,143.75,1,212.5
1206,357,M0E20000000DG0F,68.75,1,212.5
338,358,M0E20000000DJOK,197.5,1,518.75
338,358,M0E20000000E8L1,186.25,1,518.75
338,358,M0E20000000EC7L,135,1,518.75
832,359,A0E20000000253K,115,1,351.25
832,359,A0E20000000251G,161.25,1,351.25
832,359,A0E200000002ABX,75,1,351.25
17,360,M0E20000000E267,256.25,1,367.5
17,360,M0E20000000DHU1,111.25,1,367.5
353,361,A0E200000001YLG,175,1,411.25
353,361,M0E20000000DQEP,236.25,1,411.25
1131,362,A0E2000000021XS,650,1,1142.5
1131,362,A0E200000002GZB,343.75,1,1142.5
1131,362,A0E200000002BPV,148.75,1,1142.5
1613,363,M0E20000000DLYV,300,1,423.75
1613,363,M0E20000000EO41,123.75,1,423.75
4,364,M0E20000000E09B,243.75,1,636.25
4,364,M0E20000000E09V,243.75,1,636.25
4,364,M0E20000000EFW7,148.75,1,636.25
1822,365,M0E20000000E1BG,156.25,1,516.25
1822,365,M0E20000000E2WH,160,1,516.25
1822,365,M0E20000000DN01,200,1,516.25
1014,366,A0E200000001YMX,437.5,1,983.75
1014,366,A0E2000000022MN,173.75,1,983.75
1014,366,A0E200000002EFZ,372.5,1,983.75
1257,367,M0E20000000DT1F,286.25,1,697.5
1257,367,M0E20000000DSXM,411.25,1,697.5
175,368,M0E20000000E0YB,223.75,1,575
175,368,M0E20000000EN4N,115,1,575
175,368,M0E20000000DQEP,236.25,1,575
1831,369,M0E20000000EGW9,247.5,1,462.5
1831,369,M0E20000000EHT1,215,1,462.5
518,370,M0E20000000DW04,372.5,1,722.5
518,370,M0E20000000DVTV,350,1,722.5
287,371,M0E20000000F1Y7,868.75,1,1628.75
287,371,M0E20000000F11K,598.75,1,1628.75
287,371,M0E20000000FCKN,161.25,1,1628.75
438,372,M0E20000000E83K,138.75,1,518.75
438,372,A0E2000000021VZ,215,1,518.75
438,372,M0E20000000EFIR,165,1,518.75
921,373,M0E20000000EE9T,177.5,1,502.5
921,373,M0E20000000DUKF,325,1,502.5
1047,374,M0E20000000DJ6F,531.25,1,1067.5
1047,374,M0E20000000ECTT,536.25,1,1067.5
1259,375,M0E20000000EE5L,185,1,881.25
1259,375,M0E20000000ERAX,456.25,1,881.25
1259,375,M0E20000000E08R,240,1,881.25
611,376,M0E20000000DRMI,281.25,1,478.75
611,376,M0E20000000DL13,197.5,1,478.75
1881,377,M0E20000000DJXD,197.5,1,383.75
1881,377,M0E20000000E8L1,186.25,1,383.75
1623,378,M0E20000000EFXN,148.75,1,362.5
1623,378,M0E20000000ECXS,213.75,1,362.5
1291,379,A0E200000001WG1,197.5,1,1053.75
1291,379,A0E2000000027C9,450,1,1053.75
1291,379,A0E200000001YMP,406.25,1,1053.75
167,380,M0E20000000E2CF,173.75,1,646.25
167,380,M0E20000000DSAL,161.25,1,646.25
167,380,M0E20000000DHVX,311.25,1,646.25
1447,381,M0E20000000DLHX,277.5,1,415
1447,381,M0E20000000E7R7,137.5,1,415
1928,382,M0E20000000E4O7,190,1,783.75
1928,382,M0E20000000F1WB,593.75,1,783.75
701,383,A0E2000000026HB,356.25,1,1200
701,383,A0E20000000279F,406.25,1,1200
701,383,A0E200000001YNL,437.5,1,1200
1205,384,A0E2000000026I9,57.5,1,346.25
1205,384,A0E2000000024AZ,198.75,1,346.25
1205,384,A0E2000000021SF,90,1,346.25
943,385,M0E20000000EGV6,460,1,995
943,385,A0E200000002EG2,215,1,995
943,385,M0E20000000DLNO,320,1,995
1457,386,A0E2000000021S4,190,1,471.25
1457,386,A0E200000001YMA,281.25,1,471.25
1153,387,A0E2000000027CL,106.25,1,196.25
1153,387,A0E2000000021SG,90,1,196.25
1105,388,A0E200000002BCJ,172.5,1,673.75
1105,388,A0E2000000026TM,218.75,1,673.75
1105,388,A0E2000000021VP,282.5,1,673.75
1587,389,A0E200000002EFZ,372.5,1,761.25
1587,389,M0E20000000EIQ9,177.5,1,761.25
1587,389,A0E2000000021TU,211.25,1,761.25
1910,390,M0E20000000DJ1L,568.75,1,995
1910,390,M0E20000000E0JI,236.25,1,995
1910,390,M0E20000000ECJI,190,1,995
1863,391,M0E20000000DQKE,186.25,1,548.75
1863,391,M0E20000000DW27,362.5,1,548.75
1417,392,A0E2000000027BA,450,1,1260
1417,392,A0E200000002B7I,222.5,1,1260
1417,392,A0E2000000021XZ,587.5,1,1260
71,393,M0E20000000E08R,240,1,782.5
71,393,M0E20000000ERAX,456.25,1,782.5
71,393,M0E20000000E30S,86.25,1,782.5
1701,394,A0E2000000026QU,181.25,1,428.75
1701,394,A0E200000002BL9,247.5,1,428.75
1139,395,A0E20000000250X,140,1,900
1139,395,M0E20000000DGRR,311.25,1,900
1139,395,M0E20000000EBRR,448.75,1,900
1251,396,M0E20000000DFX5,43.75,1,323.75
1251,396,M0E20000000EO21,123.75,1,323.75
1251,396,M0E20000000DTY7,156.25,1,323.75
314,397,M0E20000000DLBQ,218.75,1,798.75
314,397,M0E20000000DJIX,331.25,1,798.75
314,397,M0E20000000E39H,248.75,1,798.75
333,398,M0E20000000ECU9,455,1,810
333,398,A0E20000000251E,161.25,1,810
333,398,M0E20000000EASA,193.75,1,810
501,399,M0E20000000EB6N,152.5,1,532.5
501,399,M0E20000000ECLN,186.25,1,532.5
501,399,M0E20000000EARU,193.75,1,532.5
1388,400,M0E20000000EE9T,177.5,1,405
1388,400,M0E20000000EE30,227.5,1,405
1648,401,M0E20000000DK30,247.5,1,366.25
1648,401,A0E2000000027DV,118.75,1,366.25
166,402,M0E20000000DVMX,106.25,1,558.75
166,402,M0E20000000DLYV,300,1,558.75
166,402,M0E20000000EEEE,152.5,1,558.75
1753,403,A0E20000000285V,173.75,1,567.5
1753,403,A0E2000000027CP,175,1,567.5
1753,403,A0E2000000026TM,218.75,1,567.5
823,404,A0E2000000026U2,152.5,1,600
823,404,A0E200000002EA4,265,1,600
823,404,A0E200000002E67,182.5,1,600
180,405,A0E2000000024BB,248.75,1,656.25